사고번호,사고일시,요일,시군구,사고내용,사망자수,중상자수,경상자수,부상신고자수,사고유형,법규위반,노면상태,기상상태,도로형태,가해운전자 차종,가해운전자 성별,가해운전자 연령,가해운전자 상해정도,피해운전자 차종,피해운전자 성별,피해운전자 연령,피해운전자 상해정도
2021033000100178,2021년 3월 30일 10시,화요일,전라북도 익산시 남중동,경상사고,0,0,1,0,차대사람 - 차도통행중,안전운전불이행,포장 - 건조,맑음,단일로 - 기타,승용,남,41세,상해없음,보행자,남,80세,경상
2021033000100213,2021년 3월 30일 11시,화요일,전라북도 군산시 수송동,경상사고,0,0,1,0,차대사람 - 기타,안전운전불이행,포장 - 건조,맑음,단일로 - 기타,화물,남,48세,상해없음,보행자,여,59세,경상
2021033000100346,2021년 3월 30일 15시,화요일,전라북도 전주시 완산구 효자동2가,경상사고,0,0,1,0,차대사람 - 횡단중,보행자보호의무위반,포장 - 건조,맑음,교차로 - 교차로횡단보도내,승용,여,58세,상해없음,보행자,남,23세,경상
2021033000100422,2021년 3월 30일 17시,화요일,전라북도 전주시 완산구 효자동1가,경상사고,0,0,1,0,차대사람 - 기타,안전운전불이행,포장 - 건조,맑음,단일로 - 기타,이륜,남,58세,상해없음,보행자,여,74세,경상
2021033000100424,2021년 3월 30일 17시,화요일,전라북도 익산시 부송동,경상사고,0,0,1,0,차대사람 - 횡단중,보행자보호의무위반,포장 - 건조,맑음,교차로 - 교차로횡단보도내,승용,남,27세,기타불명,보행자,여,65세,경상
2021033100100182,2021년 3월 31일 11시,수요일,전라북도 전주시 완산구 삼천동1가,경상사고,0,0,2,0,차대사람 - 횡단중,안전운전불이행,포장 - 건조,맑음,교차로 - 교차로안,화물,남,41세,상해없음,보행자,여,29세,경상
2021040100100161,2021년 4월 1일 10시,목요일,전라북도 정읍시 시기동,중상사고,0,1,0,0,차대사람 - 차도통행중,안전운전불이행,포장 - 건조,맑음,교차로 - 교차로안,화물,남,47세,상해없음,보행자,여,84세,중상
2021040100100162,2021년 4월 1일 10시,목요일,전라북도 임실군 임실읍,사망사고,1,0,0,0,차대사람 - 횡단중,안전운전불이행,포장 - 건조,맑음,단일로 - 지하차도(도로)내,승용,여,58세,상해없음,보행자,여,84세,사망
2021040100100351,2021년 4월 1일 15시,목요일,전라북도 군산시 중앙로1가,중상사고,0,1,0,0,차대사람 - 보도통행중,보행자보호의무위반,포장 - 건조,맑음,교차로 - 교차로안,승합,남,67세,상해없음,보행자,여,62세,중상
2021040100100526,2021년 4월 1일 19시,목요일,전라북도 전주시 덕진구 금암동,중상사고,0,1,0,0,차대사람 - 기타,안전운전불이행,포장 - 건조,맑음,단일로 - 기타,승합,남,59세,상해없음,보행자,여,77세,중상
2021040200100370,2021년 4월 2일 16시,금요일,전라북도 전주시 완산구 서신동,중상사고,0,1,0,0,차대사람 - 횡단중,보행자보호의무위반,포장 - 건조,맑음,교차로 - 교차로횡단보도내,승용,여,31세,상해없음,보행자,남,8세,중상
2021040200100510,2021년 4월 2일 19시,금요일,전라북도 김제시 양전동,중상사고,0,1,0,0,차대사람 - 횡단중,안전운전불이행,포장 - 건조,맑음,단일로 - 기타,승용,여,54세,상해없음,보행자,여,63세,중상
2021040200100588,2021년 4월 2일 21시,금요일,전라북도 익산시 영등동,경상사고,0,0,1,0,차대사람 - 차도통행중,안전운전불이행,포장 - 건조,맑음,교차로 - 교차로안,이륜,남,64세,상해없음,보행자,남,33세,경상
2021040300100074,2021년 4월 3일 08시,토요일,전라북도 남원시 왕정동,중상사고,0,1,0,0,차대사람 - 횡단중,안전운전불이행,포장 - 건조,맑음,교차로 - 교차로부근,화물,남,56세,상해없음,보행자,여,55세,중상
2021040300100113,2021년 4월 3일 10시,토요일,전라북도 군산시 회현면,경상사고,0,0,1,0,차대사람 - 길가장자리구역통행중,안전운전불이행,포장 - 젖음/습기,비,단일로 - 기타,승용,남,75세,상해없음,보행자,남,67세,경상
2021040300100145,2021년 4월 3일 11시,토요일,전라북도 전주시 덕진구 인후동1가,경상사고,0,0,1,0,차대사람 - 기타,안전운전불이행,포장 - 젖음/습기,비,교차로 - 교차로안,승용,남,65세,상해없음,보행자,남,47세,경상
2021040300100339,2021년 4월 3일 16시,토요일,전라북도 전주시 완산구 효자동2가,경상사고,0,0,1,0,차대사람 - 차도통행중,안전운전불이행,포장 - 젖음/습기,흐림,단일로 - 기타,승용,남,56세,상해없음,보행자,남,40세,경상
2021040300100451,2021년 4월 3일 19시,토요일,전라북도 군산시 경장동,중상사고,0,1,1,0,차대사람 - 횡단중,신호위반,포장 - 젖음/습기,비,교차로 - 교차로안,이륜,남,57세,경상,보행자,남,58세,중상
2021040300100452,2021년 4월 3일 19시,토요일,전라북도 정읍시 상동,중상사고,0,1,0,0,차대사람 - 횡단중,보행자보호의무위반,포장 - 젖음/습기,비,교차로 - 교차로횡단보도내,승용,여,47세,상해없음,보행자,여,72세,중상
2021040300100536,2021년 4월 3일 21시,토요일,전라북도 전주시 덕진구 인후동2가,중상사고,0,1,0,0,차대사람 - 횡단중,신호위반,포장 - 젖음/습기,비,교차로 - 교차로횡단보도내,이륜,남,25세,상해없음,보행자,여,66세,중상
2021040300100588,2021년 4월 3일 22시,토요일,전라북도 전주시 완산구 평화동2가,중상사고,0,1,0,0,차대사람 - 횡단중,보행자보호의무위반,포장 - 젖음/습기,비,교차로 - 교차로안,승용,여,49세,상해없음,보행자,여,61세,중상
2021040400100153,2021년 4월 4일 13시,일요일,전라북도 전주시 완산구 삼천동2가,경상사고,0,0,1,0,차대사람 - 기타,기타,포장 - 건조,맑음,단일로 - 기타,기타불명,기타불명,미분류,기타불명,보행자,여,26세,경상
2021040400100335,2021년 4월 4일 19시,일요일,전라북도 군산시 산북동,경상사고,0,0,1,0,차대사람 - 기타,안전운전불이행,포장 - 건조,맑음,단일로 - 기타,승용,남,73세,상해없음,보행자,남,42세,경상
2021040400100405,2021년 4월 4일 22시,일요일,전라북도 전주시 완산구 삼천동1가,중상사고,0,1,1,0,차대사람 - 횡단중,보행자보호의무위반,포장 - 건조,맑음,교차로 - 교차로횡단보도내,화물,남,27세,상해없음,보행자,남,32세,중상
2021040500100108,2021년 4월 5일 08시,월요일,전라북도 전주시 덕진구 진북동,경상사고,0,0,1,0,차대사람 - 차도통행중,신호위반,포장 - 건조,맑음,교차로 - 교차로안,승용,여,52세,상해없음,보행자,남,67세,경상
2021040500100151,2021년 4월 5일 09시,월요일,전라북도 전주시 덕진구 팔복동3가,경상사고,0,0,1,0,차대사람 - 횡단중,신호위반,포장 - 건조,맑음,교차로 - 교차로횡단보도내,승용,남,51세,상해없음,보행자,남,68세,경상
2021040500100252,2021년 4월 5일 12시,월요일,전라북도 익산시 부송동,경상사고,0,0,1,0,차대사람 - 횡단중,신호위반,포장 - 건조,맑음,교차로 - 교차로횡단보도내,승용,남,72세,상해없음,보행자,여,12세,경상
2021040500100373,2021년 4월 5일 15시,월요일,전라북도 정읍시 하모동,경상사고,0,0,1,0,차대사람 - 기타,안전운전불이행,포장 - 건조,맑음,단일로 - 기타,승용,남,72세,상해없음,보행자,여,74세,경상
2021040500100462,2021년 4월 5일 17시,월요일,전라북도 익산시 모현동1가,경상사고,0,0,1,0,차대사람 - 횡단중,안전운전불이행,포장 - 건조,맑음,단일로 - 기타,승용,남,58세,상해없음,보행자,남,8세,경상
2021040500100520,2021년 4월 5일 18시,월요일,전라북도 전주시 덕진구 금암동,경상사고,0,0,1,0,차대사람 - 보도통행중,안전운전불이행,포장 - 건조,맑음,기타 - 기타,자전거,남,53세,상해없음,보행자,남,81세,경상
2021040500100559,2021년 4월 5일 19시,월요일,전라북도 전주시 완산구 효자동1가,중상사고,0,1,0,0,차대사람 - 횡단중,안전운전불이행,포장 - 건조,맑음,단일로 - 기타,이륜,남,32세,상해없음,보행자,여,22세,중상
2021040600100342,2021년 4월 6일 16시,화요일,전라북도 군산시 조촌동,경상사고,0,0,1,0,차대사람 - 기타,안전운전불이행,포장 - 건조,맑음,단일로 - 기타,승용,여,43세,기타불명,보행자,남,60세,경상
2021040700100225,2021년 4월 7일 12시,수요일,전라북도 익산시 신용동,중상사고,0,1,0,0,차대사람 - 길가장자리구역통행중,신호위반,포장 - 건조,맑음,교차로 - 교차로안,이륜,남,73세,상해없음,보행자,남,58세,중상
2021040800100386,2021년 4월 8일 16시,목요일,전라북도 전주시 덕진구 우아동3가,경상사고,0,0,1,0,차대사람 - 기타,안전운전불이행,포장 - 건조,맑음,교차로 - 교차로안,화물,남,52세,상해없음,보행자,남,30세,경상
2021040800100482,2021년 4월 8일 18시,목요일,전라북도 전주시 덕진구 팔복동1가,중상사고,0,1,0,0,차대사람 - 횡단중,보행자보호의무위반,포장 - 건조,맑음,교차로 - 교차로안,승용,남,32세,상해없음,보행자,남,66세,중상
2021040800100566,2021년 4월 8일 20시,목요일,전라북도 전주시 덕진구 우아동3가,중상사고,0,1,0,0,차대사람 - 차도통행중,안전운전불이행,포장 - 건조,맑음,단일로 - 기타,승용,남,26세,상해없음,보행자,남,46세,중상
2021040800100567,2021년 4월 8일 20시,목요일,전라북도 김제시 교동,경상사고,0,0,1,0,차대사람 - 횡단중,보행자보호의무위반,포장 - 건조,맑음,교차로 - 교차로안,화물,남,59세,상해없음,보행자,남,55세,경상
2021040900100056,2021년 4월 9일 07시,금요일,전라북도 전주시 덕진구 송천동1가,중상사고,0,1,0,0,차대사람 - 횡단중,보행자보호의무위반,포장 - 건조,맑음,교차로 - 교차로안,화물,남,31세,상해없음,보행자,여,49세,중상
2021040900100097,2021년 4월 9일 08시,금요일,전라북도 전주시 완산구 풍남동3가,중상사고,0,1,0,0,차대사람 - 횡단중,안전운전불이행,포장 - 건조,맑음,기타 - 기타,승용,남,48세,상해없음,보행자,여,64세,중상
2021040900100199,2021년 4월 9일 11시,금요일,전라북도 정읍시 산외면,중상사고,0,1,0,0,차대사람 - 길가장자리구역통행중,안전운전불이행,포장 - 건조,맑음,단일로 - 기타,화물,남,48세,상해없음,보행자,여,70세,중상
2021040900100233,2021년 4월 9일 12시,금요일,전라북도 전주시 완산구 효자동1가,중상사고,0,1,0,0,차대사람 - 횡단중,신호위반,포장 - 건조,맑음,단일로 - 기타,승용,여,42세,상해없음,보행자,여,25세,중상
2021040900100234,2021년 4월 9일 12시,금요일,전라북도 군산시 나운동,경상사고,0,0,1,0,차대사람 - 길가장자리구역통행중,안전운전불이행,포장 - 건조,맑음,기타 - 기타,승용,남,41세,상해없음,보행자,남,44세,경상
2021040900100446,2021년 4월 9일 17시,금요일,전라북도 고창군 성내면,경상사고,0,0,1,0,차대사람 - 차도통행중,안전운전불이행,포장 - 건조,맑음,단일로 - 기타,특수,남,23세,상해없음,보행자,남,63세,경상
2021040900100490,2021년 4월 9일 18시,금요일,전라북도 익산시 영등동,경상사고,0,0,1,0,차대사람 - 보도통행중,기타,포장 - 건조,맑음,단일로 - 기타,개인형이동수단(PM),여,15세,상해없음,보행자,여,7세,경상
2021040900100526,2021년 4월 9일 19시,금요일,전라북도 전주시 완산구 서신동,경상사고,0,0,1,0,차대사람 - 횡단중,안전운전불이행,포장 - 건조,맑음,단일로 - 기타,승용,여,50세,상해없음,보행자,남,16세,경상
2021040900100596,2021년 4월 9일 21시,금요일,전라북도 전주시 완산구 효자동3가,중상사고,0,2,0,0,차대사람 - 횡단중,안전운전불이행,포장 - 건조,맑음,교차로 - 교차로안,승용,남,44세,상해없음,보행자,남,47세,중상
2021040900100652,2021년 4월 9일 23시,금요일,전라북도 전주시 완산구 중화산동2가,중상사고,0,1,0,0,차대사람 - 횡단중,안전운전불이행,포장 - 건조,맑음,교차로 - 교차로횡단보도내,승용,남,63세,상해없음,보행자,남,53세,중상
2021041000100254,2021년 4월 10일 13시,토요일,전라북도 전주시 덕진구 덕진동1가,경상사고,0,0,1,0,차대사람 - 횡단중,보행자보호의무위반,포장 - 건조,맑음,단일로 - 기타,승용,여,75세,상해없음,보행자,남,73세,경상
2021041000100296,2021년 4월 10일 14시,토요일,전라북도 남원시 왕정동,경상사고,0,0,1,0,차대사람 - 기타,안전운전불이행,포장 - 기타,맑음,단일로 - 기타,승용,여,56세,상해없음,보행자,여,58세,경상
2021041000100339,2021년 4월 10일 15시,토요일,전라북도 전주시 완산구 평화동1가,중상사고,0,1,0,0,차대사람 - 기타,기타,포장 - 건조,맑음,교차로 - 교차로부근,이륜,남,75세,상해없음,보행자,여,52세,중상
2021041000100389,2021년 4월 10일 16시,토요일,전라북도 전주시 덕진구 진북동,경상사고,0,0,1,0,차대사람 - 길가장자리구역통행중,안전운전불이행,포장 - 건조,맑음,교차로 - 교차로안,승용,여,53세,상해없음,보행자,남,5세,경상
2021041000100560,2021년 4월 10일 21시,토요일,전라북도 정읍시 수성동,경상사고,0,0,1,0,차대사람 - 기타,안전운전불이행,포장 - 건조,맑음,기타 - 기타,승용,남,47세,상해없음,보행자,여,65세,경상
2021041200100307,2021년 4월 12일 15시,월요일,전라북도 전주시 완산구 서노송동,경상사고,0,0,1,0,차대사람 - 횡단중,신호위반,포장 - 건조,맑음,교차로 - 교차로안,승용,남,33세,상해없음,보행자,여,54세,경상
2021041200100350,2021년 4월 12일 16시,월요일,전라북도 군산시 명산동,사망사고,1,0,0,0,차대사람 - 횡단중,보행자보호의무위반,포장 - 젖음/습기,비,교차로 - 교차로안,화물,남,29세,상해없음,보행자,여,81세,사망
2021041200100568,2021년 4월 12일 21시,월요일,전라북도 전주시 덕진구 인후동2가,중상사고,0,1,0,0,차대사람 - 횡단중,보행자보호의무위반,포장 - 젖음/습기,비,교차로 - 교차로횡단보도내,승용,여,33세,상해없음,보행자,남,50세,중상
2021041300100103,2021년 4월 13일 08시,화요일,전라북도 군산시 구암동,중상사고,0,1,0,0,차대사람 - 횡단중,안전운전불이행,포장 - 젖음/습기,흐림,교차로 - 교차로부근,승용,남,50세,상해없음,보행자,남,75세,중상
2021041400100049,2021년 4월 14일 07시,수요일,전라북도 전주시 덕진구 우아동2가,경상사고,0,0,1,0,차대사람 - 횡단중,신호위반,포장 - 건조,맑음,교차로 - 교차로안,승합,남,61세,상해없음,보행자,남,28세,경상
2021041400100076,2021년 4월 14일 08시,수요일,전라북도 군산시 창성동,중상사고,0,1,0,0,차대사람 - 횡단중,보행자보호의무위반,포장 - 건조,맑음,교차로 - 교차로안,승용,여,47세,상해없음,보행자,남,62세,중상
2021041400100423,2021년 4월 14일 18시,수요일,전라북도 익산시 모현동1가,경상사고,0,0,1,0,차대사람 - 횡단중,안전운전불이행,포장 - 건조,맑음,교차로 - 교차로안,승합,남,65세,상해없음,보행자,여,72세,경상
2021041400100463,2021년 4월 14일 19시,수요일,전라북도 전주시 덕진구 인후동1가,중상사고,0,1,0,0,차대사람 - 횡단중,신호위반,포장 - 건조,맑음,교차로 - 교차로횡단보도내,이륜,남,31세,기타불명,보행자,여,50세,중상
2021041400100518,2021년 4월 14일 21시,수요일,전라북도 익산시 창인동2가,경상사고,0,0,1,0,차대사람 - 횡단중,안전운전불이행,포장 - 건조,맑음,교차로 - 교차로부근,승용,여,52세,상해없음,보행자,남,27세,경상
2021041500100088,2021년 4월 15일 08시,목요일,전라북도 무주군 무주읍,중상사고,0,1,0,0,차대사람 - 차도통행중,안전운전불이행,포장 - 건조,맑음,주차장 - 주차장,승용,여,58세,상해없음,보행자,여,78세,중상
2021041500100344,2021년 4월 15일 16시,목요일,전라북도 전주시 완산구 평화동1가,중상사고,0,1,0,0,차대사람 - 횡단중,보행자보호의무위반,포장 - 건조,맑음,기타 - 기타,승용,남,74세,상해없음,보행자,여,61세,중상
2021041500100345,2021년 4월 15일 16시,목요일,전라북도 전주시 완산구 삼천동1가,경상사고,0,0,1,0,차대사람 - 횡단중,안전운전불이행,포장 - 건조,맑음,교차로 - 교차로안,승용,여,39세,상해없음,보행자,남,64세,경상
2021041500100393,2021년 4월 15일 17시,목요일,전라북도 전주시 덕진구 금암동,중상사고,0,1,0,0,차대사람 - 기타,안전운전불이행,포장 - 건조,맑음,교차로 - 교차로부근,승용,남,40세,상해없음,보행자,여,69세,중상
2021041500100449,2021년 4월 15일 18시,목요일,전라북도 남원시 금동,경상사고,0,0,1,0,차대사람 - 횡단중,보행자보호의무위반,포장 - 건조,맑음,교차로 - 교차로횡단보도내,이륜,여,57세,상해없음,보행자,여,63세,경상
2021041500100562,2021년 4월 15일 21시,목요일,전라북도 전주시 덕진구 호성동1가,경상사고,0,0,1,0,차대사람 - 횡단중,보행자보호의무위반,포장 - 건조,맑음,단일로 - 기타,승용,남,62세,상해없음,보행자,남,60세,경상
2021041500100619,2021년 4월 15일 23시,목요일,전라북도 전주시 완산구 효자동3가,중상사고,0,1,0,0,차대사람 - 횡단중,안전운전불이행,포장 - 건조,맑음,교차로 - 교차로횡단보도내,승용,남,29세,상해없음,보행자,남,32세,중상
2021041600100329,2021년 4월 16일 16시,금요일,전라북도 군산시 지곡동,경상사고,0,0,1,0,차대사람 - 길가장자리구역통행중,안전운전불이행,포장 - 건조,맑음,교차로 - 교차로안,승용,남,39세,상해없음,보행자,여,39세,경상
2021041700100213,2021년 4월 17일 12시,토요일,전라북도 익산시 함열읍,경상사고,0,0,1,0,차대사람 - 차도통행중,안전운전불이행,포장 - 건조,맑음,교차로 - 교차로부근,화물,남,67세,상해없음,보행자,여,69세,경상
2021041700100341,2021년 4월 17일 15시,토요일,전라북도 김제시 진봉면,중상사고,0,1,0,0,차대사람 - 기타,안전운전불이행,포장 - 건조,맑음,단일로 - 기타,승용,남,57세,상해없음,보행자,여,70세,중상
2021041800100022,2021년 4월 18일 02시,일요일,전라북도 전주시 덕진구 금암동,중상사고,0,1,0,0,차대사람 - 횡단중,신호위반,포장 - 건조,맑음,단일로 - 기타,승용,남,22세,상해없음,보행자,남,49세,중상
2021041800100028,2021년 4월 18일 03시,일요일,전라북도 군산시 나운동,경상사고,0,0,1,0,차대사람 - 차도통행중,안전운전불이행,포장 - 건조,기타,교차로 - 교차로안,승용,남,20세,상해없음,보행자,남,52세,경상
2021041800100044,2021년 4월 18일 06시,일요일,전라북도 전주시 완산구 효자동3가,경상사고,0,0,2,0,차대사람 - 횡단중,신호위반,포장 - 건조,맑음,단일로 - 기타,이륜,남,45세,상해없음,보행자,남,18세,경상
2021041900100136,2021년 4월 19일 09시,월요일,전라북도 군산시 장미동,중상사고,0,1,0,0,차대사람 - 횡단중,안전운전불이행,포장 - 건조,맑음,교차로 - 교차로안,승용,남,58세,기타불명,보행자,여,64세,중상
2021041900100175,2021년 4월 19일 10시,월요일,전라북도 익산시 춘포면,경상사고,0,0,1,0,차대사람 - 길가장자리구역통행중,안전운전불이행,포장 - 건조,맑음,교차로 - 교차로부근,승용,남,72세,상해없음,보행자,여,65세,경상
2021041900100520,2021년 4월 19일 20시,월요일,전라북도 군산시 옥도면,경상사고,0,0,1,0,차대사람 - 횡단중,신호위반,포장 - 건조,기타,교차로 - 교차로횡단보도내,승용,여,56세,상해없음,보행자,남,29세,경상
2021041900100521,2021년 4월 19일 20시,월요일,전라북도 남원시 아영면,사망사고,1,0,0,0,차대사람 - 기타,안전운전불이행,포장 - 건조,맑음,단일로 - 기타,승용,남,70세,상해없음,보행자,남,61세,사망
2021042000100088,2021년 4월 20일 08시,화요일,전라북도 부안군 부안읍,사망사고,1,0,0,0,차대사람 - 차도통행중,안전운전불이행,포장 - 건조,맑음,교차로 - 교차로안,화물,남,40세,상해없음,보행자,여,78세,사망
2021042000100241,2021년 4월 20일 12시,화요일,전라북도 군산시 나운동,경상사고,0,0,1,0,차대사람 - 횡단중,안전운전불이행,포장 - 건조,맑음,교차로 - 교차로안,승용,여,49세,상해없음,보행자,남,68세,경상
2021042000100279,2021년 4월 20일 13시,화요일,전라북도 정읍시 상동,중상사고,0,1,0,0,차대사람 - 기타,안전운전불이행,포장 - 건조,맑음,기타 - 기타,화물,남,39세,상해없음,보행자,여,8세,중상
2021042000100395,2021년 4월 20일 16시,화요일,전라북도 군산시 수송동,경상사고,0,0,1,0,차대사람 - 횡단중,보행자보호의무위반,포장 - 건조,맑음,교차로 - 교차로횡단보도내,승용,남,49세,상해없음,보행자,남,9세,경상
2021042000100577,2021년 4월 20일 21시,화요일,전라북도 전주시 완산구 서신동,중상사고,0,1,0,0,차대사람 - 횡단중,안전운전불이행,포장 - 건조,맑음,교차로 - 교차로안,이륜,남,31세,상해없음,보행자,여,46세,중상
2021042100100016,2021년 4월 21일 01시,수요일,전라북도 익산시 영등동,사망사고,1,1,0,0,차대사람 - 횡단중,과속,포장 - 건조,맑음,교차로 - 교차로안,이륜,남,23세,중상,보행자,남,55세,사망
2021042100100095,2021년 4월 21일 08시,수요일,전라북도 전주시 완산구 효자동3가,중상사고,0,1,0,0,차대사람 - 차도통행중,안전운전불이행,포장 - 건조,맑음,단일로 - 기타,승용,여,39세,상해없음,보행자,여,14세,중상
2021042100100253,2021년 4월 21일 13시,수요일,전라북도 김제시 요촌동,중상사고,0,1,0,0,차대사람 - 기타,안전운전불이행,포장 - 건조,맑음,단일로 - 기타,승합,남,57세,상해없음,보행자,여,78세,중상
2021042200100053,2021년 4월 22일 07시,목요일,전라북도 전주시 덕진구 반월동,경상사고,0,0,1,0,차대사람 - 횡단중,안전운전불이행,포장 - 건조,맑음,단일로 - 기타,승용,여,38세,상해없음,보행자,남,14세,경상
2021042200100322,2021년 4월 22일 15시,목요일,전라북도 군산시 수송동,경상사고,0,0,1,0,차대사람 - 기타,안전운전불이행,포장 - 기타,맑음,기타 - 기타,승용,남,48세,기타불명,보행자,남,30세,경상
2021042300100194,2021년 4월 23일 11시,금요일,전라북도 군산시 문화동,경상사고,0,0,1,0,차대사람 - 기타,신호위반,포장 - 건조,맑음,단일로 - 기타,승용,여,62세,상해없음,보행자,여,66세,경상
2021042300100243,2021년 4월 23일 12시,금요일,전라북도 전주시 완산구 효자동2가,중상사고,0,1,0,0,차대사람 - 횡단중,보행자보호의무위반,포장 - 건조,맑음,교차로 - 교차로안,승용,여,53세,상해없음,보행자,여,64세,중상
2021042300100244,2021년 4월 23일 12시,금요일,전라북도 익산시 창인동2가,중상사고,0,1,0,0,차대사람 - 보도통행중,보행자보호의무위반,포장 - 건조,맑음,교차로 - 교차로안,승용,남,52세,상해없음,보행자,여,58세,중상
2021042400100528,2021년 4월 24일 20시,토요일,전라북도 익산시 신동,중상사고,0,1,0,0,차대사람 - 길가장자리구역통행중,안전운전불이행,포장 - 건조,맑음,단일로 - 기타,승용,남,35세,상해없음,보행자,남,19세,중상
2021042500100153,2021년 4월 25일 12시,일요일,전라북도 정읍시 수성동,중상사고,0,1,0,0,차대사람 - 길가장자리구역통행중,안전운전불이행,포장 - 건조,맑음,단일로 - 기타,승용,남,72세,상해없음,보행자,남,71세,중상
2021042500100229,2021년 4월 25일 14시,일요일,전라북도 전주시 완산구 남노송동,중상사고,0,1,0,0,차대사람 - 기타,안전운전불이행,포장 - 건조,맑음,단일로 - 기타,승용,남,64세,상해없음,보행자,남,74세,중상
2021042500100350,2021년 4월 25일 17시,일요일,전라북도 고창군 고창읍,중상사고,0,1,0,0,차대사람 - 횡단중,안전운전불이행,포장 - 건조,맑음,단일로 - 기타,승용,여,55세,상해없음,보행자,여,5세,중상
2021042600100176,2021년 4월 26일 10시,월요일,전라북도 전주시 덕진구 금암동,중상사고,0,1,0,0,차대사람 - 횡단중,보행자보호의무위반,포장 - 건조,맑음,교차로 - 교차로안,승합,남,58세,상해없음,보행자,여,76세,중상
2021042600100177,2021년 4월 26일 10시,월요일,전라북도 김제시 요촌동,중상사고,0,1,0,0,차대사람 - 기타,안전운전불이행,포장 - 건조,맑음,교차로 - 교차로부근,승용,여,56세,상해없음,보행자,여,75세,중상
2021042600100481,2021년 4월 26일 18시,월요일,전라북도 전주시 덕진구 진북동,중상사고,0,1,0,0,차대사람 - 횡단중,보행자보호의무위반,포장 - 건조,맑음,교차로 - 교차로횡단보도내,승용,남,59세,상해없음,보행자,여,57세,중상
2021042700100077,2021년 4월 27일 08시,화요일,전라북도 군산시 수송동,경상사고,0,0,1,0,차대사람 - 횡단중,보행자보호의무위반,포장 - 건조,맑음,교차로 - 교차로횡단보도내,승용,남,50세,상해없음,보행자,여,73세,경상
2021042700100467,2021년 4월 27일 19시,화요일,전라북도 완주군 상관면,중상사고,0,1,0,0,차대사람 - 횡단중,안전운전불이행,포장 - 건조,맑음,교차로 - 교차로안,특수,남,54세,상해없음,보행자,여,78세,중상
2021042800100185,2021년 4월 28일 11시,수요일,전라북도 고창군 고창읍,경상사고,0,0,1,0,차대사람 - 길가장자리구역통행중,안전운전불이행,포장 - 건조,맑음,단일로 - 교량,승용,남,78세,상해없음,보행자,여,64세,경상
2021042800100208,2021년 4월 28일 12시,수요일,전라북도 군산시 임피면,경상사고,0,0,1,0,차대사람 - 기타,안전운전불이행,포장 - 건조,맑음,단일로 - 기타,승용,남,26세,기타불명,보행자,남,23세,경상
2021042800100488,2021년 4월 28일 20시,수요일,전라북도 고창군 성내면,사망사고,1,0,0,0,차대사람 - 횡단중,안전운전불이행,포장 - 건조,맑음,교차로 - 교차로안,승용,남,29세,상해없음,보행자,여,68세,사망
2021042900100291,2021년 4월 29일 14시,목요일,전라북도 군산시 나운동,경상사고,0,0,1,0,차대사람 - 보도통행중,기타,포장 - 건조,맑음,기타 - 기타,개인형이동수단(PM),남,18세,상해없음,보행자,여,52세,경상
2021042900100323,2021년 4월 29일 15시,목요일,전라북도 익산시 영등동,경상사고,0,0,1,0,차대사람 - 횡단중,보행자보호의무위반,포장 - 건조,맑음,교차로 - 교차로횡단보도내,화물,남,54세,상해없음,보행자,남,31세,경상
2021042900100472,2021년 4월 29일 18시,목요일,전라북도 전주시 완산구 중화산동2가,경상사고,0,0,1,0,차대사람 - 횡단중,신호위반,포장 - 건조,맑음,단일로 - 기타,화물,남,66세,상해없음,보행자,남,12세,경상
2021042900100540,2021년 4월 29일 20시,목요일,전라북도 전주시 완산구 효자동2가,경상사고,0,0,1,0,차대사람 - 횡단중,보행자보호의무위반,포장 - 건조,맑음,교차로 - 교차로횡단보도내,승용,남,35세,상해없음,보행자,여,29세,경상
2021042900100604,2021년 4월 29일 22시,목요일,전라북도 전주시 완산구 효자동1가,경상사고,0,0,1,0,차대사람 - 보도통행중,기타,포장 - 건조,맑음,단일로 - 기타,기타불명,기타불명,미분류,기타불명,보행자,남,18세,경상
2021042900100635,2021년 4월 29일 23시,목요일,전라북도 전주시 완산구 삼천동1가,중상사고,0,1,0,0,차대사람 - 횡단중,안전운전불이행,포장 - 젖음/습기,비,단일로 - 기타,승용,여,26세,상해없음,보행자,남,40세,중상
2021043000100038,2021년 4월 30일 05시,금요일,전라북도 익산시 동산동,중상사고,0,1,0,0,차대사람 - 차도통행중,안전운전불이행,포장 - 건조,맑음,교차로 - 교차로안,승용,남,70세,상해없음,보행자,남,73세,중상
2021043000100309,2021년 4월 30일 14시,금요일,전라북도 전주시 덕진구 송천동1가,경상사고,0,0,1,0,차대사람 - 횡단중,신호위반,포장 - 건조,맑음,교차로 - 교차로횡단보도내,승용,남,70세,상해없음,보행자,여,28세,경상
2021043000100439,2021년 4월 30일 17시,금요일,전라북도 정읍시 수성동,경상사고,0,0,1,0,차대사람 - 기타,안전운전불이행,포장 - 건조,맑음,교차로 - 교차로부근,승용,여,43세,상해없음,보행자,남,64세,경상
2021043000100627,2021년 4월 30일 21시,금요일,전라북도 남원시 향교동,경상사고,0,0,1,0,차대사람 - 횡단중,안전운전불이행,포장 - 기타,흐림,교차로 - 교차로횡단보도내,이륜,남,49세,상해없음,보행자,남,52세,경상