사고번호,사고일시,요일,시군구,사고내용,사망자수,중상자수,경상자수,부상신고자수,사고유형,법규위반,노면상태,기상상태,도로형태,가해운전자 차종,가해운전자 성별,가해운전자 연령,가해운전자 상해정도,피해운전자 차종,피해운전자 성별,피해운전자 연령,피해운전자 상해정도
2021043000100665,2021년 4월 30일 22시,금요일,전라북도 정읍시 수성동,경상사고,0,0,1,0,차대사람 - 보도통행중,보행자보호의무위반,포장 - 젖음/습기,비,교차로 - 교차로안,승합,남,28세,상해없음,보행자,남,9세,경상
2021050100100527,2021년 5월 1일 22시,토요일,전라북도 익산시 동산동,중상사고,0,1,1,0,차대사람 - 차도통행중,안전운전불이행,포장 - 건조,맑음,교차로 - 교차로부근,승용,여,25세,상해없음,보행자,남,58세,중상
2021050200100332,2021년 5월 2일 17시,일요일,전라북도 전주시 완산구 동완산동,중상사고,0,1,0,0,차대사람 - 횡단중,보행자보호의무위반,포장 - 건조,맑음,교차로 - 교차로횡단보도내,승합,남,43세,상해없음,보행자,여,20세,중상
2021050200100365,2021년 5월 2일 18시,일요일,전라북도 군산시 조촌동,경상사고,0,0,1,0,차대사람 - 기타,안전운전불이행,포장 - 건조,맑음,주차장 - 주차장,승용,여,43세,상해없음,보행자,여,76세,경상
2021050200100409,2021년 5월 2일 20시,일요일,전라북도 전주시 완산구 효자동1가,중상사고,0,1,0,0,차대사람 - 횡단중,보행자보호의무위반,포장 - 건조,맑음,교차로 - 교차로안,승용,남,69세,상해없음,보행자,남,60세,중상
2021050300100016,2021년 5월 3일 02시,월요일,전라북도 전주시 완산구 중화산동2가,경상사고,0,0,1,0,차대사람 - 기타,안전운전불이행,포장 - 건조,맑음,교차로 - 교차로안,승용,남,57세,상해없음,보행자,여,21세,경상
2021050300100294,2021년 5월 3일 13시,월요일,전라북도 전주시 완산구 서신동,경상사고,0,0,1,0,차대사람 - 횡단중,신호위반,포장 - 건조,맑음,교차로 - 교차로부근,승용,남,27세,상해없음,보행자,남,61세,경상
2021050300100514,2021년 5월 3일 18시,월요일,전라북도 익산시 영등동,경상사고,0,0,1,0,차대사람 - 길가장자리구역통행중,안전운전불이행,포장 - 건조,맑음,교차로 - 교차로안,승용,남,48세,상해없음,보행자,여,28세,경상
2021050300100549,2021년 5월 3일 19시,월요일,전라북도 익산시 모현동1가,중상사고,0,1,0,0,차대사람 - 횡단중,보행자보호의무위반,포장 - 건조,맑음,교차로 - 교차로횡단보도내,승용,남,58세,상해없음,보행자,남,48세,중상
2021050400100083,2021년 5월 4일 08시,화요일,전라북도 무주군 무주읍,중상사고,0,1,0,0,차대사람 - 차도통행중,안전운전불이행,포장 - 건조,맑음,교차로 - 교차로부근,승용,여,69세,상해없음,보행자,여,84세,중상
2021050400100134,2021년 5월 4일 10시,화요일,전라북도 전주시 덕진구 여의동2가,경상사고,0,0,1,0,차대사람 - 차도통행중,안전운전불이행,포장 - 건조,맑음,교차로 - 교차로부근,승용,남,79세,상해없음,보행자,여,69세,경상
2021050400100221,2021년 5월 4일 13시,화요일,전라북도 전주시 덕진구 우아동3가,경상사고,0,0,1,0,차대사람 - 보도통행중,기타,포장 - 건조,맑음,교차로 - 교차로부근,승용,남,53세,상해없음,보행자,여,14세,경상
2021050400100300,2021년 5월 4일 15시,화요일,전라북도 군산시 나운동,중상사고,0,1,0,0,차대사람 - 횡단중,보행자보호의무위반,포장 - 건조,맑음,교차로 - 교차로횡단보도내,승용,남,67세,상해없음,보행자,여,65세,중상
2021050400100342,2021년 5월 4일 16시,화요일,전라북도 군산시 서수면,경상사고,0,0,1,0,차대사람 - 보도통행중,기타,포장 - 젖음/습기,비,단일로 - 지하차도(도로)내,화물,남,46세,상해없음,보행자,여,85세,경상
2021050400100379,2021년 5월 4일 17시,화요일,전라북도 전주시 덕진구 인후동1가,경상사고,0,0,1,0,차대사람 - 횡단중,안전운전불이행,포장 - 젖음/습기,비,단일로 - 기타,승용,남,48세,기타불명,보행자,여,72세,경상
2021050400100608,2021년 5월 4일 21시,화요일,전라북도 군산시 조촌동,중상사고,0,1,0,0,차대사람 - 차도통행중,안전운전불이행,포장 - 젖음/습기,비,단일로 - 지하차도(도로)내,이륜,남,67세,상해없음,보행자,남,50세,중상
2021050500100148,2021년 5월 5일 11시,수요일,전라북도 남원시 운봉읍,중상사고,0,1,0,0,차대사람 - 횡단중,안전운전불이행,포장 - 건조,맑음,교차로 - 교차로부근,이륜,남,59세,상해없음,보행자,여,80세,중상
2021050500100408,2021년 5월 5일 17시,수요일,전라북도 전주시 완산구 삼천동1가,경상사고,0,0,1,0,차대사람 - 기타,안전운전불이행,포장 - 건조,맑음,교차로 - 교차로부근,승합,남,53세,상해없음,보행자,남,64세,경상
2021050600100022,2021년 5월 6일 04시,목요일,전라북도 전주시 완산구 경원동3가,중상사고,0,1,0,0,차대사람 - 차도통행중,안전운전불이행,포장 - 건조,맑음,기타 - 기타,승용,여,58세,상해없음,보행자,남,79세,중상
2021050600100023,2021년 5월 6일 04시,목요일,전라북도 군산시 수송동,중상사고,0,1,0,0,차대사람 - 길가장자리구역통행중,안전운전불이행,포장 - 건조,맑음,단일로 - 기타,승용,남,26세,상해없음,보행자,여,19세,중상
2021050600100055,2021년 5월 6일 07시,목요일,전라북도 전주시 덕진구 인후동1가,중상사고,0,1,0,0,차대사람 - 횡단중,안전운전불이행,포장 - 건조,맑음,단일로 - 기타,승용,남,30세,상해없음,보행자,남,77세,중상
2021050600100151,2021년 5월 6일 10시,목요일,전라북도 부안군 줄포면,경상사고,0,0,1,0,차대사람 - 길가장자리구역통행중,안전운전불이행,포장 - 건조,맑음,교차로 - 교차로부근,화물,남,50세,상해없음,보행자,여,78세,경상
2021050600100273,2021년 5월 6일 14시,목요일,전라북도 익산시 남중동,경상사고,0,0,1,0,차대사람 - 기타,안전운전불이행,포장 - 건조,맑음,단일로 - 기타,승합,남,42세,상해없음,보행자,남,52세,경상
2021050600100376,2021년 5월 6일 17시,목요일,전라북도 익산시 남중동,경상사고,0,0,1,0,차대사람 - 횡단중,보행자보호의무위반,포장 - 건조,맑음,교차로 - 교차로횡단보도내,승용,남,56세,상해없음,보행자,여,48세,경상
2021050600100421,2021년 5월 6일 18시,목요일,전라북도 전주시 완산구 효자동2가,중상사고,0,1,0,0,차대사람 - 기타,안전운전불이행,포장 - 건조,맑음,단일로 - 기타,승용,남,27세,상해없음,보행자,여,45세,중상
2021050700100211,2021년 5월 7일 12시,금요일,전라북도 전주시 덕진구 우아동2가,경상사고,0,0,1,0,차대사람 - 횡단중,보행자보호의무위반,포장 - 젖음/습기,비,교차로 - 교차로횡단보도내,화물,남,63세,상해없음,보행자,여,15세,경상
2021050700100566,2021년 5월 7일 21시,금요일,전라북도 전주시 완산구 효자동3가,경상사고,0,0,1,0,차대사람 - 기타,기타,포장 - 건조,맑음,단일로 - 기타,승용,여,38세,상해없음,보행자,남,25세,경상
2021050700100624,2021년 5월 7일 23시,금요일,전라북도 전주시 완산구 효자동2가,경상사고,0,0,1,0,차대사람 - 횡단중,신호위반,포장 - 건조,맑음,교차로 - 교차로안,승용,남,58세,상해없음,보행자,남,49세,경상
2021050800100105,2021년 5월 8일 09시,토요일,전라북도 무주군 설천면,경상사고,0,0,1,0,차대사람 - 횡단중,안전운전불이행,포장 - 건조,맑음,단일로 - 교량,화물,남,61세,상해없음,보행자,여,93세,경상
2021050800100444,2021년 5월 8일 17시,토요일,전라북도 전주시 완산구 효자동1가,경상사고,0,0,1,0,차대사람 - 횡단중,안전운전불이행,포장 - 건조,맑음,교차로 - 교차로안,승용,남,46세,상해없음,보행자,여,53세,경상
2021050800100498,2021년 5월 8일 18시,토요일,전라북도 익산시 동산동,경상사고,0,0,1,0,차대사람 - 횡단중,안전운전불이행,포장 - 건조,맑음,단일로 - 기타,이륜,남,17세,상해없음,보행자,여,4세,경상
2021050800100550,2021년 5월 8일 20시,토요일,전라북도 전주시 완산구 서신동,중상사고,0,1,0,0,차대사람 - 횡단중,신호위반,포장 - 건조,맑음,교차로 - 교차로횡단보도내,승용,남,50세,상해없음,보행자,남,24세,중상
2021050900100132,2021년 5월 9일 11시,일요일,전라북도 부안군 동진면,중상사고,0,1,0,0,차대사람 - 차도통행중,안전운전불이행,포장 - 건조,맑음,단일로 - 기타,화물,여,57세,상해없음,보행자,여,84세,중상
2021051000100222,2021년 5월 10일 13시,월요일,전라북도 군산시 대명동,경상사고,0,0,1,0,차대사람 - 횡단중,보행자보호의무위반,포장 - 젖음/습기,비,교차로 - 교차로안,승용,남,31세,상해없음,보행자,여,81세,경상
2021051000100223,2021년 5월 10일 13시,월요일,전라북도 익산시 영등동,중상사고,0,1,0,0,차대사람 - 횡단중,안전운전불이행,포장 - 건조,맑음,교차로 - 교차로안,승용,남,55세,상해없음,보행자,남,43세,중상
2021051000100257,2021년 5월 10일 14시,월요일,전라북도 장수군 산서면,경상사고,0,0,1,0,차대사람 - 기타,안전운전불이행,포장 - 젖음/습기,비,단일로 - 기타,농기계,남,60세,상해없음,보행자,남,75세,경상
2021051000100405,2021년 5월 10일 18시,월요일,전라북도 군산시 대명동,경상사고,0,0,1,0,차대사람 - 횡단중,보행자보호의무위반,포장 - 젖음/습기,비,단일로 - 기타,승용,여,35세,상해없음,보행자,여,37세,경상
2021051100100158,2021년 5월 11일 09시,화요일,전라북도 전주시 덕진구 송천동2가,경상사고,0,0,1,0,차대사람 - 기타,기타,포장 - 젖음/습기,비,교차로 - 교차로부근,승합,남,43세,상해없음,보행자,여,64세,경상
2021051100100159,2021년 5월 11일 09시,화요일,전라북도 진안군 진안읍,경상사고,0,0,1,0,차대사람 - 횡단중,안전운전불이행,포장 - 젖음/습기,비,단일로 - 기타,승용,남,52세,상해없음,보행자,남,28세,경상
2021051100100581,2021년 5월 11일 20시,화요일,전라북도 전주시 완산구 평화동2가,경상사고,0,0,1,0,차대사람 - 횡단중,보행자보호의무위반,포장 - 건조,맑음,교차로 - 교차로횡단보도내,승용,여,54세,상해없음,보행자,여,61세,경상
2021051100100652,2021년 5월 11일 23시,화요일,전라북도 전주시 덕진구 덕진동1가,경상사고,0,0,1,0,차대사람 - 기타,신호위반,포장 - 건조,맑음,교차로 - 교차로횡단보도내,승용,남,59세,상해없음,보행자,남,39세,경상
2021051200100081,2021년 5월 12일 08시,수요일,전라북도 전주시 완산구 효자동3가,중상사고,0,1,0,0,차대사람 - 기타,보행자보호의무위반,포장 - 건조,맑음,교차로 - 교차로안,승용,남,26세,상해없음,보행자,남,7세,중상
2021051200100372,2021년 5월 12일 16시,수요일,전라북도 전주시 덕진구 금암동,사망사고,1,0,0,0,차대사람 - 횡단중,안전운전불이행,포장 - 건조,맑음,교차로 - 교차로안,승용,남,40세,상해없음,보행자,여,72세,사망
2021051300100094,2021년 5월 13일 08시,목요일,전라북도 전주시 덕진구 팔복동2가,중상사고,0,1,0,0,차대사람 - 횡단중,안전운전불이행,포장 - 건조,맑음,교차로 - 교차로부근,화물,남,50세,상해없음,보행자,남,71세,중상
2021051300100347,2021년 5월 13일 15시,목요일,전라북도 익산시 모현동1가,경상사고,0,0,1,0,차대사람 - 횡단중,안전운전불이행,포장 - 건조,맑음,교차로 - 교차로안,승용,여,59세,상해없음,보행자,여,65세,경상
2021051300100561,2021년 5월 13일 20시,목요일,전라북도 전주시 덕진구 송천동1가,중상사고,0,1,0,0,차대사람 - 횡단중,보행자보호의무위반,포장 - 건조,맑음,단일로 - 기타,화물,남,64세,상해없음,보행자,남,20세,중상
2021051400100025,2021년 5월 14일 03시,금요일,전라북도 익산시 금강동,중상사고,0,1,0,0,차대사람 - 기타,안전운전불이행,포장 - 건조,맑음,단일로 - 기타,승용,남,40세,상해없음,보행자,여,35세,중상
2021051400100318,2021년 5월 14일 14시,금요일,전라북도 익산시 신동,경상사고,0,0,1,0,차대사람 - 횡단중,보행자보호의무위반,포장 - 건조,맑음,교차로 - 교차로부근,승용,여,34세,상해없음,보행자,남,70세,경상
2021051400100421,2021년 5월 14일 16시,금요일,전라북도 전주시 완산구 중화산동2가,중상사고,0,1,0,0,차대사람 - 횡단중,보행자보호의무위반,포장 - 건조,맑음,교차로 - 교차로안,화물,남,66세,상해없음,보행자,남,9세,중상
2021051400100483,2021년 5월 14일 17시,금요일,전라북도 고창군 고창읍,경상사고,0,0,1,0,차대사람 - 횡단중,보행자보호의무위반,포장 - 건조,맑음,기타 - 기타,화물,남,55세,상해없음,보행자,남,73세,경상
2021051400100628,2021년 5월 14일 20시,금요일,전라북도 전주시 덕진구 송천동2가,경상사고,0,0,2,0,차대사람 - 횡단중,보행자보호의무위반,포장 - 건조,맑음,교차로 - 교차로횡단보도내,화물,남,48세,상해없음,보행자,남,39세,경상
2021051500100516,2021년 5월 15일 20시,토요일,전라북도 군산시 산북동,중상사고,0,1,0,0,차대사람 - 차도통행중,안전운전불이행,포장 - 젖음/습기,흐림,교차로 - 교차로부근,승용,남,61세,상해없음,보행자,여,74세,중상
2021051600100092,2021년 5월 16일 09시,일요일,전라북도 고창군 해리면,경상사고,0,0,1,0,차대사람 - 기타,안전운전불이행,포장 - 젖음/습기,비,단일로 - 기타,승용,여,59세,상해없음,보행자,여,58세,경상
2021051700100031,2021년 5월 17일 05시,월요일,전라북도 남원시 동충동,경상사고,0,0,1,0,차대사람 - 기타,안전운전불이행,포장 - 건조,맑음,기타 - 기타,승용,남,51세,상해없음,보행자,남,67세,경상
2021051700100117,2021년 5월 17일 09시,월요일,전라북도 익산시 영등동,경상사고,0,0,1,0,차대사람 - 횡단중,보행자보호의무위반,포장 - 건조,맑음,교차로 - 교차로횡단보도내,화물,남,19세,상해없음,보행자,남,77세,경상
2021051700100147,2021년 5월 17일 10시,월요일,전라북도 정읍시 옹동면,사망사고,1,0,0,0,차대사람 - 차도통행중,안전운전불이행,포장 - 젖음/습기,비,단일로 - 기타,승용,남,61세,상해없음,보행자,남,56세,사망
2021051700100320,2021년 5월 17일 16시,월요일,전라북도 군산시 조촌동,경상사고,0,0,2,0,차대사람 - 보도통행중,안전운전불이행,포장 - 건조,맑음,단일로 - 기타,자전거,여,64세,경상,보행자,여,14세,경상
2021051700100321,2021년 5월 17일 16시,월요일,전라북도 완주군 용진읍,경상사고,0,0,1,0,차대사람 - 기타,안전운전불이행,포장 - 젖음/습기,비,단일로 - 기타,기타불명,기타불명,미분류,기타불명,보행자,여,13세,경상
2021051800100006,2021년 5월 18일 00시,화요일,전라북도 전주시 완산구 효자동3가,중상사고,0,1,1,0,차대사람 - 횡단중,보행자보호의무위반,포장 - 건조,맑음,교차로 - 교차로횡단보도내,승용,남,23세,상해없음,보행자,여,30세,중상
2021051800100026,2021년 5월 18일 04시,화요일,전라북도 남원시 죽항동,경상사고,0,0,1,0,차대사람 - 횡단중,안전운전불이행,포장 - 건조,맑음,교차로 - 교차로횡단보도내,승용,남,56세,상해없음,보행자,남,73세,경상
2021051800100060,2021년 5월 18일 07시,화요일,전라북도 전주시 완산구 삼천동1가,경상사고,0,0,1,0,차대사람 - 기타,기타,포장 - 건조,맑음,단일로 - 기타,승합,남,59세,상해없음,보행자,여,86세,경상
2021051800100142,2021년 5월 18일 10시,화요일,전라북도 익산시 인화동2가,중상사고,0,1,0,0,차대사람 - 횡단중,신호위반,포장 - 건조,맑음,교차로 - 교차로횡단보도내,승용,남,53세,상해없음,보행자,여,71세,중상
2021051800100161,2021년 5월 18일 11시,화요일,전라북도 전주시 덕진구 우아동3가,경상사고,0,0,1,0,차대사람 - 길가장자리구역통행중,안전운전불이행,포장 - 건조,맑음,교차로 - 교차로부근,승용,남,73세,상해없음,보행자,여,62세,경상
2021051800100162,2021년 5월 18일 11시,화요일,전라북도 군산시 옥서면,경상사고,0,0,1,0,차대사람 - 기타,안전운전불이행,포장 - 건조,맑음,기타 - 기타,승용,남,58세,상해없음,보행자,남,21세,경상
2021051800100354,2021년 5월 18일 16시,화요일,전라북도 익산시 신동,경상사고,0,0,1,0,차대사람 - 횡단중,기타,포장 - 건조,맑음,교차로 - 교차로횡단보도내,승용,남,42세,상해없음,보행자,남,8세,경상
2021052100100033,2021년 5월 21일 05시,금요일,전라북도 익산시 영등동,경상사고,0,0,1,0,차대사람 - 기타,안전운전불이행,포장 - 건조,맑음,단일로 - 기타,승용,남,20세,상해없음,보행자,남,23세,경상
2021052100100051,2021년 5월 21일 07시,금요일,전라북도 군산시 나운동,경상사고,0,0,1,0,차대사람 - 기타,안전운전불이행,포장 - 기타,맑음,기타 - 기타,화물,남,63세,상해없음,보행자,여,14세,경상
2021052100100354,2021년 5월 21일 16시,금요일,전라북도 전주시 완산구 효자동3가,중상사고,0,1,0,0,차대사람 - 보도통행중,기타,포장 - 건조,맑음,기타 - 기타,승합,여,21세,상해없음,보행자,여,64세,중상
2021052100100393,2021년 5월 21일 17시,금요일,전라북도 익산시 인화동1가,경상사고,0,0,1,0,차대사람 - 길가장자리구역통행중,안전운전불이행,포장 - 건조,맑음,단일로 - 기타,승용,남,58세,상해없음,보행자,여,75세,경상
2021052100100543,2021년 5월 21일 21시,금요일,전라북도 전주시 완산구 효자동1가,경상사고,0,0,1,0,차대사람 - 기타,안전운전불이행,포장 - 건조,맑음,교차로 - 교차로안,승용,남,58세,상해없음,보행자,여,67세,경상
2021052100100544,2021년 5월 21일 21시,금요일,전라북도 익산시 신동,경상사고,0,0,1,0,차대사람 - 기타,안전운전불이행,포장 - 건조,맑음,단일로 - 기타,승용,남,58세,상해없음,보행자,남,21세,경상
2021052200100077,2021년 5월 22일 08시,토요일,전라북도 군산시 미원동,경상사고,0,0,1,0,차대사람 - 횡단중,보행자보호의무위반,포장 - 젖음/습기,맑음,교차로 - 교차로횡단보도내,승용,여,57세,상해없음,보행자,여,68세,경상
2021052200100533,2021년 5월 22일 20시,토요일,전라북도 전주시 완산구 중인동,중상사고,0,1,0,0,차대사람 - 기타,안전운전불이행,포장 - 건조,맑음,교차로 - 교차로부근,승용,남,37세,상해없음,보행자,여,71세,중상
2021052200100608,2021년 5월 22일 23시,토요일,전라북도 순창군 쌍치면,경상사고,0,0,2,0,차대사람 - 기타,기타,포장 - 건조,맑음,단일로 - 기타,승용,여,20세,상해없음,보행자,남,21세,경상
2021052300100162,2021년 5월 23일 13시,일요일,전라북도 익산시 영등동,경상사고,0,0,1,0,차대사람 - 횡단중,보행자보호의무위반,포장 - 건조,맑음,교차로 - 교차로횡단보도내,승용,여,33세,상해없음,보행자,남,25세,경상
2021052300100389,2021년 5월 23일 21시,일요일,전라북도 전주시 덕진구 우아동3가,경상사고,0,0,1,0,차대사람 - 기타,안전운전불이행,포장 - 건조,맑음,단일로 - 기타,승용,남,57세,상해없음,보행자,남,50세,경상
2021052400100077,2021년 5월 24일 08시,월요일,전라북도 전주시 덕진구 여의동2가,경상사고,0,0,1,0,차대사람 - 횡단중,보행자보호의무위반,포장 - 건조,맑음,교차로 - 교차로횡단보도내,화물,남,66세,상해없음,보행자,남,84세,경상
2021052400100079,2021년 5월 24일 08시,월요일,전라북도 남원시 도통동,경상사고,0,0,1,0,차대사람 - 기타,기타,포장 - 건조,맑음,단일로 - 기타,승합,남,43세,상해없음,보행자,여,71세,경상
2021052500100135,2021년 5월 25일 09시,화요일,전라북도 정읍시 고부면,중상사고,0,1,0,0,차대사람 - 기타,안전운전불이행,포장 - 건조,맑음,단일로 - 기타,승용,남,27세,상해없음,보행자,여,78세,중상
2021052500100232,2021년 5월 25일 12시,화요일,전라북도 전주시 덕진구 진북동,경상사고,0,0,1,0,차대사람 - 길가장자리구역통행중,기타,포장 - 건조,맑음,단일로 - 기타,승용,남,56세,상해없음,보행자,여,62세,경상
2021052500100381,2021년 5월 25일 16시,화요일,전라북도 전주시 덕진구 덕진동1가,경상사고,0,0,1,0,차대사람 - 차도통행중,안전운전불이행,포장 - 건조,맑음,단일로 - 기타,승용,여,63세,상해없음,보행자,남,24세,경상
2021052500100382,2021년 5월 25일 16시,화요일,전라북도 군산시 삼학동,경상사고,0,0,1,0,차대사람 - 기타,안전운전불이행,포장 - 건조,맑음,교차로 - 교차로안,화물,남,50세,상해없음,보행자,여,79세,경상
2021052500100511,2021년 5월 25일 19시,화요일,전라북도 무주군 무주읍,중상사고,0,1,0,0,차대사람 - 차도통행중,안전운전불이행,포장 - 건조,맑음,단일로 - 지하차도(도로)내,화물,남,66세,상해없음,보행자,남,53세,중상
2021052600100044,2021년 5월 26일 06시,수요일,전라북도 군산시 경장동,경상사고,0,0,1,0,차대사람 - 기타,기타,포장 - 건조,맑음,단일로 - 기타,승합,남,60세,상해없음,보행자,여,66세,경상
2021052600100045,2021년 5월 26일 06시,수요일,전라북도 김제시 봉남면,경상사고,0,0,1,0,차대사람 - 기타,안전운전불이행,포장 - 건조,맑음,단일로 - 기타,화물,남,30세,상해없음,보행자,여,65세,경상
2021052600100268,2021년 5월 26일 14시,수요일,전라북도 익산시 영등동,중상사고,0,1,0,0,차대사람 - 길가장자리구역통행중,안전운전불이행,포장 - 건조,맑음,단일로 - 기타,승용,여,54세,상해없음,보행자,여,81세,중상
2021052600100375,2021년 5월 26일 17시,수요일,전라북도 완주군 삼례읍,경상사고,0,0,1,0,차대사람 - 기타,보행자보호의무위반,포장 - 건조,맑음,단일로 - 기타,승용,남,52세,상해없음,보행자,남,70세,경상
2021052600100540,2021년 5월 26일 22시,수요일,전라북도 군산시 월명동,중상사고,0,1,0,0,차대사람 - 횡단중,안전운전불이행,포장 - 건조,맑음,기타 - 기타,승용,남,65세,상해없음,보행자,여,65세,중상
2021052700100125,2021년 5월 27일 09시,목요일,전라북도 정읍시 시기동,중상사고,0,1,0,0,차대사람 - 기타,안전운전불이행,포장 - 건조,맑음,단일로 - 기타,화물,남,54세,상해없음,보행자,여,81세,중상
2021052700100248,2021년 5월 27일 13시,목요일,전라북도 전주시 완산구 효자동2가,경상사고,0,0,1,0,차대사람 - 보도통행중,기타,포장 - 젖음/습기,흐림,기타 - 기타,이륜,남,50세,상해없음,보행자,남,37세,경상
2021052700100354,2021년 5월 27일 16시,목요일,전라북도 남원시 노암동,경상사고,0,0,1,0,차대사람 - 횡단중,안전운전불이행,포장 - 건조,맑음,교차로 - 교차로횡단보도내,승용,여,42세,상해없음,보행자,남,6세,경상
2021052800100421,2021년 5월 28일 17시,금요일,전라북도 군산시 소룡동,경상사고,0,0,1,0,차대사람 - 차도통행중,안전운전불이행,포장 - 건조,맑음,단일로 - 지하차도(도로)내,승용,남,67세,상해없음,보행자,여,55세,경상
2021052900100021,2021년 5월 29일 02시,토요일,전라북도 전주시 완산구 고사동,경상사고,0,0,1,0,차대사람 - 기타,안전운전불이행,포장 - 건조,맑음,교차로 - 교차로부근,승용,남,43세,상해없음,보행자,남,28세,경상
2021052900100039,2021년 5월 29일 04시,토요일,전라북도 익산시 신동,경상사고,0,0,1,0,차대사람 - 기타,안전운전불이행,포장 - 건조,맑음,단일로 - 기타,화물,남,66세,상해없음,보행자,남,21세,경상
2021052900100088,2021년 5월 29일 08시,토요일,전라북도 정읍시 수성동,중상사고,0,1,0,0,차대사람 - 횡단중,안전운전불이행,포장 - 건조,맑음,교차로 - 교차로부근,승용,여,39세,상해없음,보행자,여,60세,중상
2021052900100166,2021년 5월 29일 11시,토요일,전라북도 군산시 나운동,경상사고,0,0,1,0,차대사람 - 기타,안전운전불이행,포장 - 건조,맑음,단일로 - 기타,승용,남,26세,상해없음,보행자,남,35세,경상
2021052900100321,2021년 5월 29일 15시,토요일,전라북도 전주시 완산구 동완산동,중상사고,0,1,0,0,차대사람 - 횡단중,신호위반,포장 - 건조,맑음,교차로 - 교차로횡단보도내,승용,여,64세,상해없음,보행자,여,54세,중상
2021053100100072,2021년 5월 31일 08시,월요일,전라북도 군산시 산북동,경상사고,0,0,1,0,차대사람 - 횡단중,안전운전불이행,포장 - 젖음/습기,흐림,단일로 - 기타,승용,여,56세,상해없음,보행자,여,13세,경상
2021053100100510,2021년 5월 31일 21시,월요일,전라북도 익산시 신동,경상사고,0,0,2,0,차대사람 - 길가장자리구역통행중,안전운전불이행,포장 - 건조,맑음,단일로 - 기타,승용,남,22세,상해없음,보행자,여,23세,경상
2021053100100542,2021년 5월 31일 23시,월요일,전라북도 전주시 완산구 서신동,경상사고,0,0,1,0,차대사람 - 보도통행중,안전운전불이행,포장 - 건조,맑음,기타 - 기타,이륜,기타불명,미분류,기타불명,보행자,남,28세,경상
2021060200100121,2021년 6월 2일 09시,수요일,전라북도 순창군 순창읍,경상사고,0,0,1,0,차대사람 - 기타,안전운전불이행,포장 - 서리/결빙,맑음,단일로 - 기타,화물,남,69세,상해없음,보행자,남,62세,경상
2021060200100367,2021년 6월 2일 16시,수요일,전라북도 전주시 완산구 평화동2가,중상사고,0,1,0,0,차대사람 - 기타,보행자보호의무위반,포장 - 건조,맑음,교차로 - 교차로부근,승합,남,65세,상해없음,보행자,남,64세,중상
2021060200100369,2021년 6월 2일 16시,수요일,전라북도 익산시 영등동,중상사고,0,1,0,0,차대사람 - 길가장자리구역통행중,안전운전불이행,포장 - 건조,맑음,단일로 - 기타,승합,남,61세,상해없음,보행자,여,72세,중상
2021060200100371,2021년 6월 2일 16시,수요일,전라북도 김제시 광활면,중상사고,0,1,0,0,차대사람 - 차도통행중,안전운전불이행,포장 - 건조,맑음,교차로 - 교차로안,화물,남,66세,상해없음,보행자,남,70세,중상
2021060200100475,2021년 6월 2일 18시,수요일,전라북도 익산시 영등동,경상사고,0,0,1,0,차대사람 - 횡단중,안전운전불이행,포장 - 건조,맑음,교차로 - 교차로부근,승용,여,23세,상해없음,보행자,남,27세,경상
2021060200100547,2021년 6월 2일 20시,수요일,전라북도 군산시 소룡동,사망사고,1,0,0,0,차대사람 - 차도통행중,과속,포장 - 건조,맑음,단일로 - 기타,화물,남,51세,상해없음,보행자,남,64세,사망
2021060200100571,2021년 6월 2일 21시,수요일,전라북도 전주시 덕진구 송천동2가,경상사고,0,0,1,0,차대사람 - 횡단중,보행자보호의무위반,포장 - 건조,맑음,단일로 - 기타,승용,남,54세,상해없음,보행자,남,47세,경상
2021060300100070,2021년 6월 3일 07시,목요일,전라북도 익산시 황등면,중상사고,0,1,0,0,차대사람 - 차도통행중,안전운전불이행,포장 - 건조,맑음,단일로 - 기타,화물,남,53세,상해없음,보행자,여,61세,중상
2021060300100303,2021년 6월 3일 15시,목요일,전라북도 고창군 고창읍,경상사고,0,0,1,0,차대사람 - 횡단중,신호위반,포장 - 젖음/습기,비,기타 - 기타,승용,남,58세,상해없음,보행자,여,7세,경상
2021060300100608,2021년 6월 3일 22시,목요일,전라북도 전주시 덕진구 덕진동2가,경상사고,0,0,1,0,차대사람 - 횡단중,안전운전불이행,포장 - 젖음/습기,비,교차로 - 교차로부근,기타불명,기타불명,미분류,기타불명,보행자,남,29세,경상
2021060400100227,2021년 6월 4일 12시,금요일,전라북도 익산시 모현동1가,경상사고,0,0,1,0,차대사람 - 차도통행중,과속,포장 - 건조,맑음,교차로 - 교차로부근,이륜,남,40세,상해없음,보행자,남,10세,경상
2021060400100462,2021년 6월 4일 17시,금요일,전라북도 군산시 나운동,중상사고,0,1,0,0,차대사람 - 길가장자리구역통행중,안전운전불이행,포장 - 건조,맑음,교차로 - 교차로부근,승용,여,57세,상해없음,보행자,여,65세,중상
2021060400100522,2021년 6월 4일 18시,금요일,전라북도 군산시 나운동,중상사고,0,1,0,0,차대사람 - 길가장자리구역통행중,안전운전불이행,포장 - 건조,맑음,교차로 - 교차로안,승용,남,53세,상해없음,보행자,여,63세,중상
2021060400100573,2021년 6월 4일 19시,금요일,전라북도 군산시 조촌동,중상사고,0,1,0,0,차대사람 - 길가장자리구역통행중,안전운전불이행,포장 - 건조,맑음,교차로 - 교차로안,승합,남,44세,상해없음,보행자,남,59세,중상